{"ElevSSLM": 0.06771473888625529, "distSSLM": 0.08043917955571533, "slopeSSLM": 0.040242434483682046, "combSSLM": 0.13535259756833415}